{"stats":{"minecraft:dropped":{"minecraft:white_carpet":1},"minecraft:used":{"minecraft:white_carpet":13},"minecraft:picked_up":{"minecraft:white_carpet":1},"minecraft:mined":{"minecraft:large_fern":1},"minecraft:custom":{"minecraft:jump":54,"minecraft:time_since_rest":9359,"minecraft:leave_game":1,"minecraft:damage_dealt":10,"minecraft:crouch_one_cm":236,"minecraft:sprint_one_cm":13029,"minecraft:play_time":9359,"minecraft:damage_taken":60,"minecraft:time_since_death":9359,"minecraft:walk_one_cm":3899,"minecraft:sneak_time":153,"minecraft:total_world_time":9359,"minecraft:drop":1,"minecraft:fall_one_cm":2141,"minecraft:fly_one_cm":44511}},"DataVersion":3465}